{"entropy_1_mean": 2.3253210401756013, "entropy_1_std": 0.27598186499207916, "entropy_1_interval": [2.319680567847318, 2.3309615125038845], "entropy_1_time": 24542.419103622437, "entropy_4_mean": 2.682680620935309, "entropy_4_std": 0.23888777450074236, "entropy_4_interval": [2.67779827157632, 2.6875629702942976], "entropy_4_time": 23742.781153440475, "poliphony_mean": 0.20533615542861156, "poliphony_std": 0.050757009101270935, "poliphony_interval": [0.20429879195797063, 0.20637351889925248], "poliphony_time": 684.9719281196594, "tone_span_mean": 58.39434782608696, "tone_span_std": 11.041253207890676, "tone_span_interval": [58.16868849448391, 58.620007157690004], "tone_span_time": 332.8869798183441, "scale_consistency_mean": 0.8122479443758661, "scale_consistency_std": 0.08646073985599849, "scale_consistency_interval": [0.8104808738813803, 0.8140150148703519], "scale_consistency_time": 6374.950806379318, "n_notes_mean": 1929.770652173913, "n_notes_std": 315.8510425742281, "n_notes_interval": [1923.315340099149, 1936.2259642486772], "n_notes_time": 296.9475049972534, "avg_note_duration_mean": 26.226135745364374, "avg_note_duration_std": 9.165629199047892, "avg_note_duration_interval": [26.038810111232518, 26.41346137949623], "avg_note_duration_time": 316.4056203365326, "max_offset_mean": 796.3352173913044, "max_offset_std": 353.21202220380405, "max_offset_interval": [789.1163277105832, 803.5541070720255], "max_offset_time": 1467.944076538086, "unique_pitches_in_measure_mean": 13.180283866317838, "unique_pitches_in_measure_std": 3.3650034392796107, "unique_pitches_in_measure_interval": [13.11151047505034, 13.249057257585337], "unique_pitches_in_measure_time": 338.0669586658478, "measure_repetition_mean": 0.0029196099204403378, "measure_repetition_std": 0.011436039762077889, "measure_repetition_interval": [0.002685882005655076, 0.0031533378352255996], "measure_repetition_time": 359.17812609672546}