{"entropy_1_mean": 1.1916802662785957, "entropy_1_std": 0.5802743191916998, "entropy_1_interval": [1.1727107007735627, 1.2106498317836287], "entropy_1_time": 856.3519761562347, "entropy_4_mean": 1.2298731605167605, "entropy_4_std": 0.6255078695915011, "entropy_4_interval": [1.2094248792234268, 1.2503214418100943], "entropy_4_time": 774.6415026187897, "poliphony_mean": 0.07734177408677449, "poliphony_std": 0.10476434322110692, "poliphony_interval": [0.07391695584892308, 0.08076659232462591], "poliphony_time": 45.98257493972778, "tone_span_mean": 38.225403001667594, "tone_span_std": 21.483981895575045, "tone_span_interval": [37.523076897619525, 38.92772910571566], "tone_span_time": 21.375214338302612, "scale_consistency_mean": 0.9578259564450549, "scale_consistency_std": 0.08844709185678003, "scale_consistency_interval": [0.9549353643874049, 0.9607165485027048], "scale_consistency_time": 438.4157907962799, "n_notes_mean": 2026.0430794886047, "n_notes_std": 26.93125460020563, "n_notes_interval": [2025.162678303553, 2026.9234806736563], "n_notes_time": 19.374397039413452, "avg_note_duration_mean": 13.211417104241143, "avg_note_duration_std": 19.475315898224178, "avg_note_duration_interval": [12.574755669392212, 13.848078539090073], "avg_note_duration_time": 20.25498390197754, "max_offset_mean": 1099.7078932740412, "max_offset_std": 4417.765789562346, "max_offset_interval": [955.2880994638804, 1244.127687084202], "max_offset_time": 101.013112783432, "unique_pitches_in_measure_mean": 5.224628503904369, "unique_pitches_in_measure_std": 3.229618620107222, "unique_pitches_in_measure_interval": [5.119050056014865, 5.330206951793873], "unique_pitches_in_measure_time": 22.66651678085327, "measure_repetition_mean": 0.018501203231335518, "measure_repetition_std": 0.09517604144023807, "measure_repetition_interval": [0.015389833155325171, 0.021612573307345864], "measure_repetition_time": 25.295456886291504}