{"entropy_1_mean": 2.308786931981592, "entropy_1_std": 0.2906319782975456, "entropy_1_interval": [2.2915852386796844, 2.3259886252834994], "entropy_1_time": 2998.1088535785675, "entropy_4_mean": 2.677674518855537, "entropy_4_std": 0.24354039273782443, "entropy_4_interval": [2.663260044691193, 2.6920889930198806], "entropy_4_time": 2833.203999519348, "poliphony_mean": 0.2051989608130268, "poliphony_std": 0.051603431430769564, "poliphony_interval": [0.20214469814723948, 0.20825322347881411], "poliphony_time": 85.14528822898865, "tone_span_mean": 58.096363636363634, "tone_span_std": 11.2323309915677, "tone_span_interval": [57.43155340483211, 58.76117386789516], "tone_span_time": 41.22716164588928, "scale_consistency_mean": 0.8084824995236556, "scale_consistency_std": 0.08586822264296014, "scale_consistency_interval": [0.8034001997748926, 0.8135647992724185], "scale_consistency_time": 758.0266892910004, "n_notes_mean": 1924.4663636363637, "n_notes_std": 310.0159053917521, "n_notes_interval": [1906.117389946337, 1942.8153373263904], "n_notes_time": 40.81198835372925, "avg_note_duration_mean": 26.294675346970966, "avg_note_duration_std": 9.893297771350095, "avg_note_duration_interval": [25.70911874372279, 26.88023195021914], "avg_note_duration_time": 40.002792835235596, "max_offset_mean": 805.8245454545455, "max_offset_std": 531.3143318372868, "max_offset_interval": [774.3775373286333, 837.2715535804577], "max_offset_time": 176.7795124053955, "unique_pitches_in_measure_mean": 12.99484182362846, "unique_pitches_in_measure_std": 3.5308333397893983, "unique_pitches_in_measure_interval": [12.785861681226423, 13.203821966030498], "unique_pitches_in_measure_time": 43.76754546165466, "measure_repetition_mean": 0.0035460246876294023, "measure_repetition_std": 0.012624910830234625, "measure_repetition_interval": [0.002798791553348187, 0.004293257821910618], "measure_repetition_time": 50.052542209625244}